               epoch,      train/box_loss,      train/obj_loss,      train/cls_loss,   metrics/precision,      metrics/recall,     metrics/mAP_0.5,metrics/mAP_0.5:0.95,        val/box_loss,        val/obj_loss,        val/cls_loss,               x/lr0,               x/lr1,               x/lr2
                   0,            0.074998,              0.1124,            0.033897,             0.44603,             0.44537,             0.18553,            0.075313,            0.052592,            0.055018,            0.033511,             0.07025,           0.0033056,           0.0033056
                   1,            0.056282,            0.091973,            0.029852,             0.53745,             0.48273,             0.31634,             0.15151,            0.043374,            0.049823,            0.031133,            0.040184,           0.0065732,           0.0065732
                   2,            0.051084,            0.086058,            0.026959,             0.68289,             0.44106,             0.45643,             0.21418,            0.037031,             0.04575,            0.026843,            0.010053,           0.0097748,           0.0097748
                   3,            0.043578,            0.084652,            0.024483,             0.70074,             0.43899,             0.52995,             0.34383,            0.035142,            0.046418,            0.025333,            0.009703,            0.009703,            0.009703
                   4,            0.041461,            0.079325,            0.023083,             0.53101,             0.64398,             0.60828,             0.36893,             0.02996,            0.042738,            0.023982,            0.009703,            0.009703,            0.009703
                   5,            0.038022,            0.076354,            0.021755,             0.43791,             0.63178,             0.46989,              0.2598,            0.031865,            0.045864,            0.032313,            0.009604,            0.009604,            0.009604
                   6,            0.034874,            0.074581,            0.021114,             0.53231,             0.68188,             0.62656,             0.36548,            0.028114,            0.042856,            0.024078,            0.009505,            0.009505,            0.009505
